gvkey,iid,gvkeyx,from,thru,tic,cik,fdate,form,coname,fname
001075,01,000003,1999-10-04,,PNW,,,,,
001300,01,000003,1964-03-31,,HON,,,,,
001598,01,000003,2013-09-23,,AME,,,,,
001602,01,000003,1992-01-02,,AMGN,,,,,
001878,01,000003,1989-12-01,,ADSK,,,,,
001988,01,000003,1984-10-31,,BALL,,,,,
002019,01,000003,1995-03-31,,BK,,,,,
002086,01,000003,1972-09-30,,BAX,,,,,
002111,01,000003,1972-09-30,,BDX,,,,,
002136,01,000003,1983-11-30,,VZ,,,,,
002176,02,000003,2010-02-16,,BRK.B,,,,,
002184,01,000003,1999-06-30,,BBY,,,,,
002285,01,000003,1964-03-31,,BA,,,,,
002403,01,000003,1964-03-31,,BMY,,,,,
002435,01,000003,1982-10-31,,BF.B,,,,,
002547,01,000003,1976-06-30,,CI,,,,,
002574,01,000003,1967-09-30,,CSX,,,,,
002663,01,000003,1964-03-31,,CPB,,,,,
002710,02,000003,2005-07-05,,STZ,,,,,
002751,01,000003,1997-05-27,,CAH,,,,,
002817,01,000003,1964-03-31,,CAT,,,,,
002968,01,000003,1976-06-30,,JPM,,,,,
002991,01,000003,1964-03-31,,CVX,,,,,
003026,01,000003,2015-12-29,,CHD,,,,,
003062,01,000003,2001-03-01,,CTAS,,,,,
003121,01,000003,1969-03-31,,CLX,,,,,
003144,01,000003,1964-03-31,,KO,,,,,
003170,01,000003,1964-03-31,,CL,,,,,
003221,01,000003,1996-04-23,,AON,,,,,
003226,01,000003,2002-11-19,,CMCSA,,,,,
003243,01,000003,1988-05-31,,C,,,,,
003362,01,000003,1983-08-31,,CAG,,,,,
003413,01,000003,1964-03-31,,ED,,,,,
003439,01,000003,1999-05-03,,CMS,,,,,
003504,01,000003,2016-09-23,,COO,,,,,
003505,01,000003,1976-06-30,,TAP,,,,,
003532,01,000003,1964-03-31,,GLW,,,,,
003650,01,000003,1965-03-31,,CMI,,,,,
003735,01,000003,1998-11-18,,DHR,,,,,
003813,01,000003,1976-12-31,,TGT,,,,,
003835,01,000003,1964-03-31,,DE,,,,,
003851,03,000003,2013-09-11,,DAL,,,,,
003897,01,000003,1964-03-31,,DTE,,,,,
003980,01,000003,1976-06-30,,DIS,,,,,
004016,02,000003,2012-12-03,,DG,,,,,
004029,01,000003,1964-03-31,,D,,,,,
004058,01,000003,1985-10-31,,DOV,,,,,
004060,01,000003,1964-03-31,,DD,,,,,
004066,01,000003,1997-12-24,,OMC,,,,,
004093,01,000003,1976-06-30,,DUK,,,,,
004145,01,000003,1985-05-31,,RVTY,,,,,
004199,01,000003,1964-03-31,,ETN,,,,,
004213,01,000003,1989-01-31,,ECL,,,,,
004321,01,000003,1965-03-31,,EMR,,,,,
004383,01,000003,2019-02-15,,ATO,,,,,
004423,01,000003,1997-06-19,,EFX,,,,,
004430,01,000003,2022-10-03,,EQT,,,,,
004494,01,000003,2007-10-10,,EXPD,,,,,
004503,01,000003,1964-03-31,,XOM,,,,,
004517,01,000003,1976-06-30,,NEE,,,,,
004598,01,000003,1980-12-31,,FDX,,,,,
004605,01,000003,2016-02-01,,FRT,,,,,
004640,01,000003,1996-03-08,,FITB,,,,,
004674,01,000003,1998-08-28,,RF,,,,,
004699,01,000003,2004-02-27,,MTB,,,,,
004723,01,000003,1999-01-04,,USB,,,,,
004839,01,000003,1964-03-31,,F,,,,,
004885,01,000003,1998-04-29,,BEN,,,,,
004973,01,000003,2016-05-31,,AJG,,,,,
005046,01,000003,1964-03-31,,GD,,,,,
005071,01,000003,1969-03-31,,GIS,,,,,
005073,19,000003,2013-06-07,,GM,,,,,
005125,01,000003,1973-12-31,,GPC,,,,,
005256,01,000003,1981-06-30,,GWW,,,,,
005439,01,000003,1964-03-31,,HAL,,,,,
005492,01,000003,2008-09-22,,LHX,,,,,
005518,01,000003,1984-09-30,,HAS,,,,,
005543,01,000003,2009-01-30,,WELL,,,,,
005568,04,000003,2015-07-03,,KHC,,,,,
005597,01,000003,1964-03-31,,HSY,,,,,
005606,01,000003,1974-12-31,,HPQ,,,,,
005643,04,000003,2017-06-19,,HLT,,,,,
005680,01,000003,1988-03-31,,HD,,,,,
005709,01,000003,2009-03-04,,HRL,,,,,
005742,01,000003,1985-07-31,,CNP,,,,,
005783,01,000003,2015-07-01,,JBHT,,,,,
005786,01,000003,1997-08-06,,HBAN,,,,,
005878,01,000003,1986-02-28,,ITW,,,,,
005959,01,000003,2010-11-17,,TT,,,,,
006008,01,000003,1976-12-31,,INTC,,,,,
006078,01,000003,1976-03-31,,IFF,,,,,
006104,01,000003,1964-03-31,,IP,,,,,
006216,01,000003,2007-10-26,,J,,,,,
006266,01,000003,1973-06-30,,JNJ,,,,,
006268,01,000003,1986-05-31,,JCI,,,,,
006304,01,000003,1997-09-15,,KLAC,,,,,
006310,04,000003,2012-05-25,,KMI,,,,,
006338,01,000003,2018-06-05,,EVRG,,,,,
006435,01,000003,1964-03-31,,KMB,,,,,
006502,01,000003,1964-03-31,,KR,,,,,
006565,01,000003,2012-06-05,,LRCX,,,,,
006669,01,000003,2005-10-04,,LEN,,,,,
006730,01,000003,1970-12-31,,LLY,,,,,
006774,01,000003,1984-07-31,,LMT,,,,,
006781,01,000003,1995-05-10,,L,,,,,
006829,01,000003,1984-02-29,,LOW,,,,,
007063,01,000003,2007-03-20,,HST,,,,,
007065,01,000003,1987-08-31,,MRSH,,,,,
007085,01,000003,1981-06-30,,MAS,,,,,
007146,01,000003,2003-03-21,,MKC,,,,,
007154,01,000003,1970-06-30,,MCD,,,,,
007163,01,000003,1964-03-31,,SPGI,,,,,
007171,01,000003,1999-01-13,,MCK,,,,,
007228,01,000003,1986-10-31,,MDT,,,,,
007241,01,000003,1964-03-31,,CVS,,,,,
007257,01,000003,1964-03-31,,MRK,,,,,
007343,01,000003,1994-09-27,,MU,,,,,
007366,01,000003,1964-03-31,,ETR,,,,,
007435,01,000003,1964-03-31,,MMM,,,,,
007585,01,000003,1964-03-31,,MSI,,,,,
007637,01,000003,2004-04-23,,VTRS,,,,,
007647,01,000003,1976-06-30,,BAC,,,,,
007881,01,000003,1969-06-30,,NEM,,,,,
007906,01,000003,1988-11-30,,NKE,,,,,
007921,01,000003,2022-02-15,,NDSN,,,,,
007923,01,000003,1964-03-31,,NSC,,,,,
007970,01,000003,2009-03-17,,ES,,,,,
007974,01,000003,2000-11-02,,NI,,,,,
007977,01,000003,1964-03-31,,XEL,,,,,
007982,01,000003,1998-01-30,,NTRS,,,,,
007985,01,000003,1985-06-30,,NOC,,,,,
008007,01,000003,1976-06-30,,WFC,,,,,
008030,01,000003,1985-04-30,,NUE,,,,,
008068,01,000003,1982-12-31,,OXY,,,,,
008099,01,000003,1964-03-31,,FE,,,,,
008151,01,000003,2010-03-15,,OKE,,,,,
008245,01,000003,1988-04-30,,PNC,,,,,
008247,01,000003,1964-03-31,,PPG,,,,,
008253,01,000003,1980-12-31,,PCAR,,,,,
008264,01,000003,2022-10-03,,PCG,,,,,
008272,01,000003,1964-03-31,,SRE,,,,,
008358,01,000003,1985-11-30,,PH,,,,,
008402,01,000003,1998-10-01,,PAYX,,,,,
008455,01,000003,1995-11-27,,PPL,,,,,
008463,01,000003,2012-10-01,,PNR,,,,,
008479,01,000003,1964-03-31,,PEP,,,,,
008530,01,000003,1964-03-31,,PFE,,,,,
008539,01,000003,1964-03-31,,EXC,,,,,
008543,01,000003,1964-03-31,,MO,,,,,
008549,01,000003,1964-03-31,,COP,,,,,
008762,01,000003,1964-03-31,,PG,,,,,
008810,01,000003,1964-03-31,,PEG,,,,,
008823,01,000003,1984-04-30,,PHM,,,,,
008898,01,000003,2017-03-20,,RJF,,,,,
009203,01,000003,1964-03-31,,ROK,,,,,
009225,01,000003,2018-10-01,,ROL,,,,,
009248,01,000003,2009-12-21,,ROST,,,,,
009465,01,000003,1965-03-31,,SLB,,,,,
009667,01,000003,1964-06-30,,SHW,,,,,
009771,02,000003,2017-07-26,,AOS,,,,,
009777,01,000003,2008-11-06,,SJM,,,,,
009778,01,000003,1982-09-30,,SNA,,,,,
009783,01,000003,1994-03-01,,KEY,,,,,
009846,01,000003,1964-03-31,,EIX,,,,,
009850,01,000003,1964-03-31,,SO,,,,,
009882,01,000003,1994-07-01,,LUV,,,,,
009899,01,000003,1983-11-30,,T,,,,,
010016,01,000003,1982-09-30,,SWK,,,,,
010035,01,000003,1997-08-18,,STT,,,,,
010096,01,000003,2005-08-19,,PSA,,,,,
010115,01,000003,2000-12-12,,SYK,,,,,
010247,01,000003,1986-12-31,,SYY,,,,,
010453,01,000003,2020-09-21,,TER,,,,,
010499,01,000003,1964-03-31,,TXN,,,,,
010519,01,000003,1978-12-31,,TXT,,,,,
010530,01,000003,1997-01-02,,TMO,,,,,
010614,01,000003,1989-04-30,,GL,,,,,
010789,01,000003,2020-06-22,,TYL,,,,,
010793,01,000003,2005-08-11,,TSN,,,,,
010795,04,000003,2015-09-03,,UAL,,,,,
010860,01,000003,1991-09-19,,AEE,,,,,
010867,01,000003,1964-03-31,,UNP,,,,,
010894,01,000003,2016-03-07,,UDR,,,,,
010903,01,000003,1994-07-01,,UNH,,,,,
010920,01,000003,2002-07-22,,UPS,,,,,
010983,01,000003,1964-03-31,,RTX,,,,,
011032,01,000003,2014-09-22,,UHS,,,,,
011228,01,000003,1999-07-01,,VMC,,,,,
011259,01,000003,1982-08-31,,WMT,,,,,
011376,01,000003,2020-05-22,,WST,,,,,
011399,01,000003,2009-07-01,,WDC,,,,,
011456,01,000003,1964-03-31,,WY,,,,,
011506,01,000003,1975-03-31,,WMB,,,,,
011550,01,000003,2008-10-31,,WEC,,,,,
011554,01,000003,2016-07-01,,LNT,,,,,
011672,01,000003,1985-09-30,,TJX,,,,,
011811,01,000003,2018-11-13,,JKHY,,,,,
011856,01,000003,1997-12-04,,TFC,,,,,
012124,01,000003,1995-09-22,,MS,,,,,
012138,01,000003,1999-10-13,,TROW,,,,,
012141,01,000003,1994-06-01,,MSFT,,,,,
012142,01,000003,1989-08-31,,ORCL,,,,,
012441,01,000003,2017-04-05,,IT,,,,,
012459,01,000003,2019-09-26,,NVR,,,,,
012540,01,000003,1997-05-06,,ADBE,,,,,
012635,01,000003,2001-04-02,,FISV,,,,,
013125,01,000003,2008-03-31,,DOC,,,,,
013341,01,000003,1997-08-04,,PGR,,,,,
013421,01,000003,2017-09-18,,CDNS,,,,,
013498,01,000003,1998-12-22,,CCL,,,,,
013714,03,000003,1994-09-01,,PSKY,,,,,
013721,01,000003,2013-06-24,,ZTS,,,,,
013988,01,000003,1997-06-02,,SCHW,,,,,
014225,01,000003,2008-09-15,,FAST,,,,,
014282,01,000003,2008-09-30,,APH,,,,,
014418,01,000003,2017-07-26,,MGM,,,,,
014477,01,000003,1998-07-17,,WM,,,,,
014590,02,000003,1995-07-31,,FCX,,,,,
014822,01,000003,2019-12-05,,WRB,,,,,
014824,01,000003,1997-12-18,,CINF,,,,,
014934,01,000003,2000-08-30,,DVN,,,,,
014960,01,000003,2004-11-01,,LH,,,,,
015247,01,000003,2004-04-29,,VLO,,,,,
015267,01,000003,2019-08-09,,IEX,,,,,
015414,01,000003,2021-08-30,,TECH,,,,,
015417,01,000003,2021-09-20,,BRO,,,,,
015855,01,000003,2003-03-31,,GEN,,,,,
016101,01,000003,2013-01-02,,ABBV,,,,,
016478,01,000003,2000-11-02,,EOG,,,,,
016721,01,000003,2002-07-22,,EA,,,,,
017874,01,000003,2019-07-15,,TMUS,,,,,
017928,01,000003,2017-08-29,,IQV,,,,,
018043,01,000003,2013-07-01,,NWSA,,,,,
018699,01,000003,2021-04-20,,PTC,,,,,
020232,01,000003,2018-11-06,,KEYS,,,,,
020548,01,000003,2008-06-23,,CTRA,,,,,
020686,01,000003,2015-11-18,,SYF,,,,,
020748,01,000003,2018-08-28,,ANET,,,,,
020779,01,000003,1993-12-01,,CSCO,,,,,
020904,01,000003,2016-03-30,,HOLX,,,,,
021825,01,000003,2016-02-01,,CFG,,,,,
022260,04,000003,2015-01-27,,HCA,,,,,
022815,01,000003,2021-01-21,,TRMB,,,,,
023809,01,000003,1997-01-02,,AZO,,,,,
023812,01,000003,2013-05-01,,REGN,,,,,
024197,01,000003,2017-01-05,,IDXX,,,,,
024216,01,000003,1998-10-02,,AES,,,,,
024316,01,000003,2012-06-29,,MNST,,,,,
024344,01,000003,2013-09-23,,VRTX,,,,,
024405,01,000003,2019-12-23,,ZBRA,,,,,
024468,01,000003,2003-11-13,,BIIB,,,,,
024616,01,000003,2015-07-20,,PYPL,,,,,
024617,01,000003,2019-12-09,,ODFL,,,,,
024731,01,000003,2006-04-03,,KIM,,,,,
024800,01,000003,1999-07-22,,QCOM,,,,,
024856,01,000003,2004-07-01,,GILD,,,,,
024925,01,000003,2009-12-23,,ROP,,,,,
024975,01,000003,2017-03-16,,SNPS,,,,,
025124,01,000003,1992-07-01,,LIN,,,,,
025279,01,000003,1995-02-24,,BSX,,,,,
025313,01,000003,2019-12-23,,STE,,,,,
025340,01,000003,2005-07-05,,DHI,,,,,
025434,01,000003,2000-06-08,,SBUX,,,,,
026156,01,000003,2015-11-02,,HPE,,,,,
026590,01,000003,2016-07-05,,FTV,,,,,
027914,01,000003,1995-12-01,,HUM,,,,,
027928,01,000003,2000-12-11,,INTU,,,,,
027965,01,000003,2007-09-07,,MCHP,,,,,
028034,01,000003,2010-07-15,,CB,,,,,
028180,01,000003,2009-03-27,,ORLY,,,,,
028191,01,000003,2014-12-05,,RCL,,,,,
028320,02,000003,2019-09-23,,CDW,,,,,
028349,01,000003,1995-07-13,,ALL,,,,,
028629,01,000003,2022-04-04,,CPT,,,,,
028733,01,000003,2001-12-03,,EQR,,,,,
028877,02,000003,2022-06-21,,KDP,,,,,
028930,02,000003,1998-05-21,,MAR,,,,,
029028,01,000003,1993-10-01,,COST,,,,,
029099,01,000003,2017-03-02,,REG,,,,,
029127,01,000003,2017-02-28,,INCY,,,,,
029389,01,000003,2002-06-26,,SPG,,,,,
029649,01,000003,2016-12-02,,MAA,,,,,
029733,01,000003,2014-07-02,,MLM,,,,,
029736,01,000003,2014-01-24,,TSCO,,,,,
029751,01,000003,2016-07-01,,ALB,,,,,
029804,02,000003,2008-08-21,,IVZ,,,,,
029875,01,000003,2007-01-10,,AVB,,,,,
029901,01,000003,2018-07-02,,CPRT,,,,,
029984,01,000003,2003-07-17,,PLD,,,,,
030004,01,000003,2022-09-19,,INVH,,,,,
030098,02,000003,2020-03-03,,IR,,,,,
030293,01,000003,2014-04-02,,ESS,,,,,
030822,01,000003,2015-04-07,,O,,,,,
030990,01,000003,1998-07-01,,COF,,,,,
031587,01,000003,2011-12-19,,DLTR,,,,,
031673,01,000003,2001-08-30,,COR,,,,,
031846,01,000003,1995-05-30,,DRI,,,,,
031887,01,000003,2017-07-26,,RMD,,,,,
032106,01,000003,2017-07-07,,BKR,,,,,
032580,01,000003,2022-06-08,,VICI,,,,,
034410,01,000003,2021-07-21,,MRNA,,,,,
034443,01,000003,2019-04-02,,DOW,,,,,
034636,01,000003,2019-03-19,,FOXA,,,,,
035168,01,000003,2019-06-03,,CTVA,,,,,
036190,01,000003,2020-04-03,,OTIS,,,,,
036191,01,000003,2020-04-03,,CARR,,,,,
040614,01,000003,2022-02-02,,CEG,,,,,
060979,01,000003,2019-02-27,,WAB,,,,,
061302,01,000003,2022-11-01,,ACGL,,,,,
061388,01,000003,2017-06-19,,EG,,,,,
061420,01,000003,2020-10-07,,POOL,,,,,
061483,01,000003,2008-07-31,,DVA,,,,,
061494,01,000003,2015-03-18,,HSIC,,,,,
061567,01,000003,2006-01-05,,EL,,,,,
061574,01,000003,2002-01-02,,WAT,,,,,
061591,01,000003,1999-06-25,,NTAP,,,,,
061739,01,000003,1995-12-20,,HIG,,,,,
062374,01,000003,2009-01-06,,IRM,,,,,
062689,05,000003,2002-08-21,,TRV,,,,,
063172,01,000003,2021-12-20,,FDS,,,,,
064030,01,000003,2022-12-22,,STLD,,,,,
064166,01,000003,2002-12-12,,DGX,,,,,
064630,01,000003,2018-03-19,,TTWO,,,,,
064768,01,000003,2005-11-21,,AMZN,,,,,
064821,01,000003,2017-03-20,,ARE,,,,,
064891,01,000003,2007-02-02,,RL,,,,,
064925,01,000003,2006-04-03,,BXP,,,,,
065417,01,000003,1997-10-07,,YUM,,,,,
065609,01,000003,2007-03-02,,CHRW,,,,,
065772,01,000003,2016-09-06,,MTD,,,,,
066065,01,000003,2014-09-22,,URI,,,,,
066368,01,000003,2006-02-01,,VRSN,,,,,
066446,01,000003,2009-07-01,,PWR,,,,,
100243,03,000003,2019-06-12,,AMCR,,,,,
104432,01,000003,2017-10-13,,NCLH,,,,,
105365,01,000003,2007-11-19,,AMT,,,,,
110179,01,000003,2009-03-04,,VTR,,,,,
111864,01,000003,2006-11-17,,CTSH,,,,,
112111,01,000003,2022-09-19,,CSGP,,,,,
112168,01,000003,2008-12-05,,RSG,,,,,
113490,01,000003,2012-03-14,,CCI,,,,,
114524,01,000003,2002-07-22,,EBAY,,,,,
114628,01,000003,2002-07-22,,GS,,,,,
117768,01,000003,2001-11-30,,NVDA,,,,,
118122,04,000003,2012-12-24,,APTV,,,,,
119314,01,000003,2009-11-06,,BKNG,,,,,
121077,01,000003,2010-12-20,,FFIV,,,,,
121382,01,000003,2017-09-01,,SBAC,,,,,
124434,01,000003,2011-04-04,,BLK,,,,,
125595,01,000003,2007-07-12,,AKAM,,,,,
126136,03,000003,2016-09-08,,CHTR,,,,,
126296,02,000003,2007-10-02,,EXPE,,,,,
126554,01,000003,2000-06-05,,A,,,,,
126721,01,000003,2020-06-22,,TDY,,,,,
128978,01,000003,2017-07-26,,PKG,,,,,
133366,01,000003,2011-04-01,,EW,,,,,
133768,01,000003,2000-12-11,,MET,,,,,
134932,01,000003,2022-06-21,,ON,,,,,
135990,03,000003,2010-01-29,,NRG,,,,,
136725,01,000003,2008-06-02,,ISRG,,,,,
137131,01,000003,2021-05-14,,CRL,,,,,
138743,01,000003,2015-03-23,,EQIX,,,,,
139665,01,000003,2000-10-03,,MCO,,,,,
140541,01,000003,2004-09-01,,TPR,,,,,
141384,01,000003,2017-06-19,,ALGN,,,,,
141459,01,000003,2012-12-12,,GRMN,,,,,
141913,01,000003,2016-04-25,,GPN,,,,,
142953,01,000003,2007-04-02,,MDLZ,,,,,
143356,01,000003,2002-07-22,,PRU,,,,,
143357,01,000003,2011-07-06,,ACN,,,,,
144009,01,000003,2016-01-05,,WTW,,,,,
144559,01,000003,2001-08-07,,ZBH,,,,,
145046,01,000003,2002-07-25,,ELV,,,,,
145552,01,000003,2016-03-30,,CNC,,,,,
145701,01,000003,2002-07-22,,PFG,,,,,
147579,01,000003,2010-12-20,,NFLX,,,,,
148349,01,000003,2016-06-03,,TDG,,,,,
149070,01,000003,2006-08-11,,CME,,,,,
149318,01,000003,2008-11-14,,WYNN,,,,,
149337,01,000003,2008-10-22,,NDAQ,,,,,
150937,01,000003,2012-07-02,,STX,,,,,
157057,01,000003,2007-04-10,,AIZ,,,,,
157855,01,000003,2008-09-15,,CRM,,,,,
160211,02,000003,2020-05-12,,DPZ,,,,,
160225,01,000003,2008-07-18,,MA,,,,,
160329,01,000003,2006-04-03,,GOOGL,,,,,
160479,01,000003,2016-01-19,,EXR,,,,,
160888,01,000003,2021-02-12,,MPWR,,,,,
160991,01,000003,2016-05-18,,DLR,,,,,
161844,01,000003,2019-10-03,,LVS,,,,,
162129,01,000003,2011-09-26,,MOS,,,,,
162887,01,000003,2020-05-12,,DXCM,,,,,
163610,01,000003,2007-09-26,,ICE,,,,,
163946,01,000003,2008-08-27,,CF,,,,,
164296,01,000003,2010-03-01,,WBD,,,,,
164708,01,000003,2005-10-03,,AMP,,,,,
165123,01,000003,2019-08-09,,LDOS,,,,,
165746,01,000003,2019-12-23,,LYV,,,,,
165914,01,000003,2011-04-28,,CMG,,,,,
165993,01,000003,2006-11-10,,FIS,,,,,
170617,01,000003,2013-12-23,,META,,,,,
170750,01,000003,2018-12-03,,FANG,,,,,
170841,01,000003,2012-05-01,,PSX,,,,,
171007,01,000003,2019-11-21,,NOW,,,,,
175404,01,000003,2022-12-19,,FSLR,,,,,
176928,01,000003,2018-06-18,,BR,,,,,
177267,02,000003,2011-10-17,,TEL,,,,,
178507,01,000003,2018-04-04,,MSCI,,,,,
178704,01,000003,2016-04-18,,ULTA,,,,,
179437,01,000003,2016-03-04,,AWK,,,,,
179534,01,000003,2009-12-21,,V,,,,,
179621,01,000003,2008-03-31,,PM,,,,,
180652,01,000003,2015-10-08,,VRSK,,,,,
180711,01,000003,2014-05-08,,AVGO,,,,,
183377,01,000003,2018-10-11,,FTNT,,,,,
183736,01,000003,2021-03-22,,GNRC,,,,,
184500,01,000003,2017-03-01,,CBOE,,,,,
184700,01,000003,2018-06-20,,CPAY,,,,,
184725,01,000003,2021-03-22,,NXPI,,,,,
184996,01,000003,2020-12-21,,TSLA,,,,,
185532,01,000003,2022-10-12,,TRGP,,,,,
186310,01,000003,2018-01-03,,HII,,,,,
186989,01,000003,2011-07-01,,MPC,,,,,
187697,01,000003,2021-12-14,,EPAM,,,,,
189491,01,000003,2011-11-01,,XYL,,,,,
260774,01,000003,2006-11-10,,CBRE,,,,,
294524,01,000003,2012-09-05,,LYB,,,,,
316056,01,000003,2013-12-02,,ALLE,,,,,
